{
  "rotation_matrix": [
    [
      -0.10790863445380472,
      -0.5060231410105377,
      0.8557431316535029
    ],
    [
      -0.9941496611430175,
      0.05900182932624287,
      -0.09047229070483609
    ],
    [
      -0.004709337484045062,
      -0.8604994857046611,
      -0.5094295409990228
    ]
  ],
  "translation_vector": [
    [
      -0.1318395046223182
    ],
    [
      0.15287828159124758
    ],
    [
      0.6444197672334848
    ]
  ],
  "transformation_matrix": [
    [
      -0.10790863445380472,
      -0.5060231410105377,
      0.8557431316535029,
      -0.1318395046223182
    ],
    [
      -0.9941496611430175,
      0.05900182932624287,
      -0.09047229070483609,
      0.15287828159124758
    ],
    [
      -0.004709337484045062,
      -0.8604994857046611,
      -0.5094295409990228,
      0.6444197672334848
    ],
    [
      0.0,
      0.0,
      0.0,
      1.0
    ]
  ],
  "camera_matrix": [
    [
      616.798,
      0.0,
      321.753
    ],
    [
      0.0,
      616.904,
      247.541
    ],
    [
      0.0,
      0.0,
      1.0
    ]
  ],
  "distortion": [
    [
      0.0
    ],
    [
      0.0
    ],
    [
      0.0
    ],
    [
      0.0
    ],
    [
      0.0
    ]
  ],
  "marker_length": 0.04
}