{
  "transformation_matrix": [
    [
      -0.09932527260028699,
      -0.49951168525087697,
      0.8228792439289014,
      -98.46763463431644
    ],
    [
      -0.9905680942846071,
      -0.001991533640560539,
      -0.08762043226181557,
      157.91665366263896
    ],
    [
      0.013385425642695048,
      -0.8813848511313931,
      -0.48406823542736443,
      660.8191935931831
    ],
    [
      0.0,
      0.0,
      0.0,
      1.0
    ]
  ],
  "rmse_error": 4.997362671338735,
  "calibration_points": 20,
  "camera_matrix": [
    [
      616.798,
      0.0,
      321.753
    ],
    [
      0.0,
      616.904,
      247.541
    ],
    [
      0.0,
      0.0,
      1.0
    ]
  ],
  "marker_length": 0.04
}