{
  "tcp_offset": {
    "X": -1.83,
    "Y": -1.04,
    "Z": 207.24,
    "RX": 0.0,
    "RY": 0.0,
    "RZ": 0.0
  },
  "precise_position": {
    "x": 215.4258340217971,
    "y": -59.487508345549585,
    "z": -2.9040050996484297
  },
  "calibration_details": {
    "x_axis": {
      "pos1": 215.486282443454,
      "pos2": 215.3653856001402,
      "center": 215.4258340217971,
      "range": 0.12089684331380113
    },
    "y_axis": {
      "pos1": -59.53052689966666,
      "pos2": -59.4444897914325,
      "center": -59.487508345549585,
      "range": 0.08603710823415867
    },
    "z_axis": {
      "z_trigger": -2.9040050996484297,
      "both_triggered": true
    }
  },
  "timestamp": "2026-01-27 17:09:16"
}