{
  "offset": {
    "X": 0.6536680706074378,
    "Y": -0.3268340353037189,
    "Z": 0.1449999999999818
  },
  "time": "2026-01-28 15:25:07",
  "default_tcp": {
    "X": 214.221,
    "Y": -60.728,
    "Z": 224.247
  },
  "calibrated_tcp": {
    "X": 214.87466807060744,
    "Y": -61.05483403530372,
    "Z": 224.392
  }
}